{
    "AX": {
        "error": 0.004045551758965733, 
        "filter_outliers_dict": {
            "filter_outliers": true, 
            "iterations": 1, 
            "std_devs": 2
        }, 
        "fit": "average", 
        "value": 0.055562911925811836
    }, 
    "CDD": {
        "error": 2.7499759810489606e-06, 
        "filter_outliers_dict": {
            "filter_outliers": true, 
            "iterations": 1, 
            "std_devs": 10
        }, 
        "fit": "average", 
        "value": 6.255160581350957e-06
    }, 
    "H1": {
        "error": 0.0038325557392823837, 
        "filter_outliers_dict": {
            "filter_outliers": true, 
            "iterations": 1, 
            "std_devs": 2
        }, 
        "fit": "average", 
        "value": -0.03718737310982168
    }, 
    "H2": {
        "error": 0.0036608714888416317, 
        "filter_outliers_dict": {
            "filter_outliers": true, 
            "iterations": 1, 
            "std_devs": 2
        }, 
        "fit": "average", 
        "value": 0.07422518942873813
    }, 
    "L1": {
        "error": 0.0016165494531815588, 
        "filter_outliers_dict": {
            "filter_outliers": true, 
            "iterations": 1, 
            "std_devs": 2
        }, 
        "fit": "average", 
        "value": -0.0013326743702555695
    }, 
    "L2": {
        "error": 0.003696088210988014, 
        "filter_outliers_dict": {
            "filter_outliers": true, 
            "iterations": 1, 
            "std_devs": 2
        }, 
        "fit": "average", 
        "value": 0.1401757666457503
    }
}