{
    "Ar36": {
        "error": 0.00019621917260403428, 
        "filter_outliers_dict": {
            "filter_outliers": true, 
            "iterations": 1, 
            "std_devs": 2
        }, 
        "fit": "Parabolic", 
        "value": 0.00902067872972027
    }, 
    "Ar37": {
        "error": 0.0049074839512014915, 
        "filter_outliers_dict": {
            "filter_outliers": true, 
            "iterations": 1, 
            "std_devs": 2
        }, 
        "fit": "linear", 
        "value": 0.15930485129754057
    }, 
    "Ar38": {
        "error": 0.0021077660710564885, 
        "filter_outliers_dict": {
            "filter_outliers": true, 
            "iterations": 1, 
            "std_devs": 2
        }, 
        "fit": "linear", 
        "value": 0.0043635710356220376
    }, 
    "Ar39": {
        "error": 0.008695319008739572, 
        "filter_outliers_dict": {
            "filter_outliers": true, 
            "iterations": 1, 
            "std_devs": 2
        }, 
        "fit": "Parabolic", 
        "value": 0.05078188087853219
    }, 
    "Ar40": {
        "error": 0.007590143038141057, 
        "filter_outliers_dict": {
            "filter_outliers": true, 
            "iterations": 1, 
            "std_devs": 2
        }, 
        "fit": "Parabolic", 
        "value": 2.4496083641783657
    }, 
    "Ar41": {
        "error": 0.005802151630512231, 
        "filter_outliers_dict": {
            "filter_outliers": true, 
            "iterations": 1, 
            "std_devs": 2
        }, 
        "fit": "linear", 
        "value": 0.07654856388607696
    }
}